title,link,abstract,citation_count,authors,year,journal,publisher
[HTML][HTML] Prediction of Potential Evapotranspiration via Machine Learning and Deep Learning for Sustainable Water Management in the Murat River Basin,https://www.mdpi.com/2071-1050/16/24/11077,"… machine learning (ML) and deep learning (DL) methodologies to improve PET predictions. 
Machine learning … Additionally, we compare traditional approaches with machine learning …",0,N/A,2024,"Sustainability,","IA Hasan, MI Yuce"
Seasonal and annual trends in reference evapotranspiration and prediction using machine learning models across seven climatic zones of Bangladesh,https://www.tandfonline.com/doi/abs/10.1080/24749508.2024.2429223,"… apart from previous research by integrating machine learning models and achieving a more 
… the evolving dynamics of ET 0 (or potential evapotranspiration) in Bangladesh. By analyzing …",0,N/A,2024,"Geology, Ecology, and Landscapes,",MN Rahman
Improving actual evapotranspiration estimates through an integrated remote sensing and cutting-edge machine learning approach,https://www.sciencedirect.com/science/article/pii/S0168169924006495,"… Potential evapotranspiration is understood as the possible evapotranspiration that can 
occur in large areas, such as biomes. The more energy a region has, like the Caatinga, the …",6,N/A,2024,"… and Electronics in …,","RA dos Santos, EC Mantovani, VB Bufon…"
Deep learning for daily potential evapotranspiration using a HS-LSTM approach,https://www.sciencedirect.com/science/article/pii/S0169809523002533,"… recurrent neural network (RNN) machine learning (ML) algorithm, … -LSTM, and other machine 
learning models using iterated, … the data from January 1, 2015 because a large amount of …",10,N/A,2023,"Atmospheric …,","X Yan, N Yang, R Ao, A Mohammadian, J Liu…"
"Evapotranspiration Forecasting in the North Etna Aquifer: A Comparative Analysis of Statistical, Deep Learning, and Machine Learning Models",https://papers.ssrn.com/sol3/papers.cfm?abstract_id=5114548,"… and machine learning techniques, this study facilitates a comprehensive evaluation and … 
the suitability of each algorithm for potential evapotranspiration projections over the next …",0,N/A,Learning …,"… , and Machine","Bennani, B Bonaccorso…"
[HTML][HTML] Combining mathematical models and machine learning algorithms to predict the future regional-scale actual transpiration by maize,https://www.sciencedirect.com/science/article/pii/S0378377424003913,"… Furthermore, the variations in Ta values estimated by machine learning models constructed 
for ACCESS-CM2 and ACCESS-ESM1–5 from 2015 to 2019 are essentially consistent with …",1,N/A,2024,"Agricultural Water Management,","Y Liu, A Wang, B Li, J Šimůnek, R Liao"
[PDF][PDF] Prediction of Potential Evapotranspiration via Machine Learning and Deep Learning for the Murat River Basin,https://www.preprints.org/manuscript/202412.0066/download/final_file,"… machine learning (ML) and deep learning (DL) methodologies to improve PET predictions. 
Machine learning … Additionally, we compare traditional approaches with machine learning …",0,N/A,2024,,"IA Hasan, MI YUCE"
[HTML][HTML] Egypt's water future: AI predicts evapotranspiration shifts across climate zones,https://www.sciencedirect.com/science/article/pii/S2214581824003173,"… the hybrid machine learning model (RF-GX boost) and traditional machine learning models 
(… simulation from 1975 to 2014 for historical and 2015–2099 for future projection for the same …",2,N/A,2024,"Journal of Hydrology …,","A Mokhtar, MM Hamed, H He, A Salem…"
"[PDF][PDF] Enhancing Potential Evapotranspiration Prediction Accuracy Through Advanced Machine Learning Techniques: A Case Study in Ahvaz, Iran",https://papers.ssrn.com/sol3/Delivery.cfm?abstractid=4904137,"… the effectiveness of three machine learning methodologies—… )-in predicting daily potential 
evapotranspiration (ETo) at the … 2024. Quantitative forecasting of bed sediment load in river …",0,N/A,N/A,N/A,N/A
"Trend analysis and spatiotemporal prediction of precipitation, temperature, and evapotranspiration values using the ARIMA models: case of the Algerian Highlands",https://link.springer.com/article/10.1007/s12517-020-06330-6,"… periods of 2010–2014 and 2015–2020. This difference confirmed the results obtained in 
terms of precipitation trends for the forecast between 2015 and 2024 by an increase in the NDVI …",33,N/A,2020,"Arabian Journal of …,","IE Bouznad, E Guastaldi, A Zirulia, M Brancale…"
Hybrid deep learning techniques for estimation of daily crop evapotranspiration using limited climate data‏,https://www.sciencedirect.com/science/article/pii/S0168169922006470,"… models that combine CNN with two powerful machine learning models: XGboost and SVR, 
ie, CNN-XGB and CNN-SVR, to predict crop evapotranspiration of wheat and rice crops. …‏",0,N/A,2022‏,"Computers and Electronics in Agriculture,","G Sharma, A Singh, S Jain"
"[HTML][HTML] Evapotranspiration, water use efficiency, and yield for film mulched maize under different nitrogen-fertilization rates and climate conditions‏",https://www.sciencedirect.com/science/article/pii/S0378377424002701,"… machine learning … the machine learning and water balance equation, respectively. The 
WUEs and WUEb are calculated based on evapotranspiration obtained by the machine learning …‏",0,N/A,2024‏,"Agricultural Water Management,","H Fang, Y Li, X Gu, Y Du, P Chen, H Hu"
"Innovative approach for estimating evapotranspiration and gross primary productivity by integrating land data assimilation, machine learning, and multi-source …‏",https://www.sciencedirect.com/science/article/pii/S016819232400251X,"… (DA) and machine learning (ML) methods helps to incorporate multi-source observations 
into physical models, enabling more accurate estimation of evapotranspiration (ET) and gross …‏",0,N/A,2024‏,"Agricultural and Forest …,","X He, S Liu, SM Bateni, T Xu, C Jun, D Kim, X Li…"
[HTML][HTML] Ecosystem evapotranspiration partitioning and Its spatial–temporal variation based on eddy covariance observation and machine learning method‏,https://www.mdpi.com/2072-4292/15/19/4831,"… a machine learning model (ie, extreme gradient boosting algorithm (XGBoost)) for soil 
evaporation estimation based on night-time evapotranspiration … the total evapotranspiration and …‏",0,N/A,2023‏,"Remote Sensing,","L Lu, D Zhang, J Zhang, J Zhang, S Zhang, Y Bai…"
[HTML][HTML] Evaluating the Impact of Future Seasonal Climate Extremes on Crop Evapotranspiration of Maize in Western Kansas Using a Machine Learning Approach‏,https://www.mdpi.com/2073-445X/12/8/1500,"… Crop evapotranspiration (ET) estimates the actual amount of water that crops require at … 
In this study, we analyze historical climate data using a machine learning model to determine …‏",0,N/A,2023‏,"Land,","K Igwe, V Sharda, T Hefley"
Machine learning techniques in estimation of eggplant crop evapotranspiration‏,https://link.springer.com/article/10.1007/s13201-023-01942-1,"… In the transmission unit of the drip irrigation system, the main line consisting of PE pipes … 
models were collected during eggplant growing seasons in 2015, 2016, and 2017. The data …‏",0,N/A,2023‏,"Applied Water Science,","B Cemek, S Tasan, A Canturk, M Tasan…"
Estimation of daily potato crop evapotranspiration using three different machine learning algorithms and four scenarios of available meteorological data‏,https://www.sciencedirect.com/science/article/pii/S0378377419308352,"… Various machine learning methods exist in the literature. These methods serve as efficient … 
machine learning techniques are applied for the estimation of potato crop evapotranspiration. …‏",0,N/A,2020‏,"Agricultural Water Management,","SS Yamaç, M Todorovic"
Improved Evapotranspiration Estimation Using the Penman-Monteith Equation with a Deep Learning (Dnn) Model Over the Dry Southwestern Us: Comparison with …‏,https://papers.ssrn.com/sol3/papers.cfm?abstract_id=5026281,"… We hypothesize that machine learning can improve the performance of the PM model-… 
importance analysis for which another machine learning architecture, XGBoost regressor was …‏",0,N/A,and …‏,"Modis,","M Jawad, A Behrangi, M Farmani, Y Qiu, H Yousefi…"
Estimating reservoir evaporation rate: fusing remotely sensed solar radiation and temperature features with machine learning algorithms‏,https://link.springer.com/article/10.1007/s00704-025-05407-0,"… The approach evaluates the effectiveness of five Machine Learning algorithms under 
three input scenarios at three meteorological stations in the Awash basin, Ethiopia: Gradient …‏",0,N/A,2025‏,"Theoretical and Applied …,","KD Eshetu, TK Seifu, T Alamirew…"
A Hybrid Surrogate Deep Learning Model for Actual Evapotranspiration Prediction‏,https://ieeexplore.ieee.org/abstract/document/10747005/,"… Hamedi, ""Comparing three types of data-driven models for monthly evapotranspiration … 
Hong, ""Can artificial intelligence and datadriven machine learning models match or even replace …‏",0,N/A,2024‏,"2024 Fifth International …,","A Aieb, A Jacob, A Liotta…"
[HTML][HTML] Prediction of Potential Evapotranspiration via Machine Learning and Deep Learning for Sustainable Water Management in the Murat River Basin,https://www.mdpi.com/2071-1050/16/24/11077,"… CNNs are typically used in image recognition tasks and were adapted here to capture 
the temporal and spatial dependencies in the climate data, leveraging their deep learning …",0,N/A,2024,"Sustainability,","IA Hasan, MI Yuce"
Modeling long-term dynamics of crop evapotranspiration using deep learning in a semi-arid environment,https://www.sciencedirect.com/science/article/pii/S0378377420306661,"… Agricultural water resources in the context of changing climate conditions are decreasing in 
… future period, which is averaged from 302.03 in 2024 to 329.68 in 2032. The average value …",0,N/A,2020,"Agricultural Water …,","A Elbeltagi, J Deng, K Wang, A Malik…"
Hybrid deep learning techniques for estimation of daily crop evapotranspiration using limited climate data,https://www.sciencedirect.com/science/article/pii/S0168169922006470,"… Climate change, rising food demand for an expanding population, and industrial … tremendous 
stress on water resources. Despite adequate rainfall, agricultural water resources are still …",0,N/A,2022,"Computers and Electronics in Agriculture,","G Sharma, A Singh, S Jain"
[HTML][HTML] Harnessing machine learning for assessing climate change influences on groundwater resources: a comprehensive review,https://www.cell.com/heliyon/fulltext/S2405-8440(24)13104-0?uuid=uuid%3A91087102-b085-4877-aa5f-4fd6417cc260,"… Climate change is a major concern for a range of environmental issues including water 
resources … from surface water sources with reduced evapotranspiration, while the remaining 15 % …",0,N/A,2024,"Heliyon,","A Bamal, MG Uddin, AI Olbert"
[PDF][PDF] Prediction of Potential Evapotranspiration via Machine Learning and Deep Learning for the Murat River Basin,https://www.preprints.org/manuscript/202412.0066/download/final_file,"… CNNs are typically used in image recognition tasks and were adapted here to capture 
the temporal and spatial dependencies in the climate data, leveraging their deep learning …",0,N/A,2024,,"IA Hasan, MI YUCE"
Estimation of reference evapotranspiration based on machine learning models and timeseries analysis: a case study in an arid climate,https://link.springer.com/article/10.1007/s13201-023-02016-y,"… , the deep learning model … water resources strategies in Egypt, and any arid region for 
that matter, which are very important nowadays due to water shortages resulting from climate …",0,N/A,2023,"Applied Water …,",Agyei…
[HTML][HTML] Predicting future evapotranspiration based on remote sensing and deep learning,https://www.sciencedirect.com/science/article/pii/S2214581824003720,"… -Attention Module (MSA-Module), creating the Multi-head Self-Attention ConvLSTM (MSA-ConvLSTM) 
model, which we applied to predicting regional-scale actual evapotranspiration ( …",0,N/A,2024,"Journal of Hydrology …,","X Zheng, S Zhang, S Yang, J Huang, X Meng…"
Innovative approach for predicting daily reference evapotranspiration using improved shallow and deep learning models in a coastal region: A comparative study,https://www.sciencedirect.com/science/article/pii/S0301479724002329,"… Evapotranspiration (ETo) is crucial for water resources … This study compares shallow learning 
(SL) and deep learning (DL) … coastal regions worldwide which have limited climate data. …",0,N/A,2024,"Journal of …,","HE Elzain, OA Abdalla, M Abdallah…"
"[PDF][PDF] A Comprehensive Review of Methods for Hydrological Forecasting Based on Deep Learning. Water 2024, 16, 1407",https://www.researchgate.net/profile/Ming-Wuyi/publication/380609702_A_Comprehensive_Review_of_Methods_for_Hydrological_Forecasting_Based_on_Deep_Learning/links/6647501a0b0d2845743bfbee/A-Comprehensive-Review-of-Methods-for-Hydrological-Forecasting-Based-on-Deep-Learning.pdf,"… the most prevalent and devastating climate-related disaster, … simulating weekly reference 
evapotranspiration at the Redcliffe … , such as for analyzing water resources, dam inflow, flooding …",0,N/A,2024,,"X Zhao, H Wang, M Bai, Y Xu, S Dong, H Rao, W Ming"
Deep learning approaches for short-crop reference evapotranspiration estimation: a case study in Southeastern Australia,https://link.springer.com/article/10.1007/s12145-024-01616-9,"… Evapotranspiration (ETo) plays a crucial role in managing water resources and agricultural 
… The location is characterized by a variable climate, the state undergoes notable seasonal …",0,N/A,2025,"Earth Science …,","U Baishnab, MS Hossen Sajib, A Islam, S Akter…"
Multidimensional forecasting of precipitation and potential evapotranspiration in the Paranapanema river basin using neural network time series,https://www.sciencedirect.com/science/article/pii/S0895981124001834,"… One of the advanced algorithms in Machine Learning and Deep Learning applied to 
forecasting future values in time series are Artificial Neural Networks (ANNs), an ANN is an …",0,N/A,2024,"Journal of South American Earth Sciences,","CAM Vallejo, RL Manzione"
[PDF][PDF] Enhancing Evapotranspiration Estimation: A Bibliometric and Systematic Review of Hybrid Neural Networks in Water Resource Management.,https://www.researchgate.net/profile/Moein-Tosan-2/publication/388065213_Enhancing_Evapotranspiration_Estimation_A_Bibliometric_and_Systematic_Review_of_Hybrid_Neural_Networks_in_Water_Resource_Management/links/678a4c161ec9f9589f4823aa/Enhancing-Evapotranspiration-Estimation-A-Bibliometric-and-Systematic-Review-of-Hybrid-Neural-Networks-in-Water-Resource-Management.pdf,"… this study includes only a partial count of documents published in 2024, the average 
annual number of articles during the 2020–2024 period was the highest recorded, at n = 215, …",0,N/A,2025,"Computer Modeling in …,","M Tosan, MR Gharib, NF Attar…"
[HTML][HTML] Prediction of Potential Evapotranspiration via Machine Learning and Deep Learning for Sustainable Water Management in the Murat River Basin,https://www.mdpi.com/2071-1050/16/24/11077,"Potential evapotranspiration (PET) is a significant factor contributing to water loss in 
hydrological systems, making it a critical area of research. However, accurately calculating and …",0,N/A,2024,"Sustainability,","IA Hasan, MI Yuce"
[HTML][HTML] Exploring the Applicability of Regression models and Artificial neural networks for calculating reference evapotranspiration in arid regions,https://www.mdpi.com/2071-1050/15/21/15494,"… techniques, ie, stepwise regression and artificial neural networks (ANNs), to identify the 
most … employed in modelling the potential evapotranspiration (ET) process [20,21,22,23,24,25]. …",9,N/A,2023,"Sustainability,","Elmabod, Z Zhang…"
Deep learning for daily potential evapotranspiration using a HS-LSTM approach,https://www.sciencedirect.com/science/article/pii/S0169809523002533,"… Accurate estimation of potential evapotranspiration (ET 0 ) is important for the sound design 
of irrigation schedules, management of water resources, assessment of hydrological drought…",10,N/A,2023,"Atmospheric …,","X Yan, N Yang, R Ao, A Mohammadian, J Liu…"
[HTML][HTML] Estimation of daily potential evapotranspiration in real-time from GK2A/AMI data using artificial neural network for the Korean Peninsula,https://www.mdpi.com/2306-5338/8/3/129,"… for mass or energy transfer principles and are based on temperature and radiation [19,20]; 
and (3) black-box models that are based on empirical relationship, artificial neural networks (…",13,N/A,2021,"Hydrology,","JC Jang, EH Sohn, KH Park, S Lee"
Global evapotranspiration simulation research using a coupled deep learning algorithm with physical mechanisms,https://onlinelibrary.wiley.com/doi/abs/10.1002/ird.2942,"… In this context, potential evapotranspiration (PET) denotes the atmospheric demand for … 
Convolutional neural networks (CNN) have evolved from feedforward neural networks (LeCun et …",1,N/A,2024,"Irrigation and Drainage,","Y Sun, Y Dong, Y Chen"
Adaptive hybrid potential evapotranspiration (PET) prediction method based on automatic machine learning,https://www.researchsquare.com/article/rs-5657062/latest,"… Neural networks 225 rely on learning rules in PET … 2024.). When predicting PET, we 
commonly need to choose the PET 228 calculation formula and the type of neural networks firstly. …",0,N/A,2024,,"Z Chenjia, X Tianxin, Z Yan, AK Abullimiti, Z Yutong…"
Forecasting evapotranspiration in different climates using ensembles of recurrent neural networks,https://www.sciencedirect.com/science/article/pii/S037837742100305X,"… However, the systematic underestimation of the extreme values of ET a is due to the ensemble 
approach, which tends to mediate the predicted values of individual neural networks. In …",134,N/A,2021,"Agricultural Water Management,","F Granata, F Di Nunno"
[PDF][PDF] Prediction of Potential Evapotranspiration via Machine Learning and Deep Learning for the Murat River Basin,https://www.preprints.org/manuscript/202412.0066/download/final_file,"Potential evapotranspiration (PET) is a significant factor contributing to water loss in 
hydrological systems, making it a critical area of research. However, accurately calculating and …",0,N/A,2024,,"IA Hasan, MI YUCE"
[HTML][HTML] Reliable evapotranspiration predictions with a probabilistic machine learning framework,https://www.mdpi.com/2073-4441/13/4/557,"… with respect to the base learner (eg, decision trees), probability distribution parameter (eg, … 
is passed on to the base learners (decision trees) to produce a probability distribution of the …",24,N/A,2021,"Water,","H Başağaoğlu, D Chakraborty, J Winterle"
[HTML][HTML] Using Ensembles of Machine Learning Techniques to Predict Reference Evapotranspiration (ET0) Using Limited Meteorological Data,https://www.mdpi.com/2306-5338/10/8/169,"… The non-linear function can be a weighted sum of the individual model predictions, or it can 
involve more complex operations such as decision trees, neural networks, or kernel methods…",7,N/A,2023,"Hydrology,","H Salahudin, M Shoaib, R Albano, MA Inam Baig…"
[PDF][PDF] Enhancing Evapotranspiration Estimation: A Bibliometric and Systematic Review of Hybrid Neural Networks in Water Resource Management.,https://www.researchgate.net/profile/Moein-Tosan-2/publication/388065213_Enhancing_Evapotranspiration_Estimation_A_Bibliometric_and_Systematic_Review_of_Hybrid_Neural_Networks_in_Water_Resource_Management/links/678a4c161ec9f9589f4823aa/Enhancing-Evapotranspiration-Estimation-A-Bibliometric-and-Systematic-Review-of-Hybrid-Neural-Networks-in-Water-Resource-Management.pdf,"… 2024, the average annual number of articles during the 2020–… the reliability of 
evapotranspiration predictions, ultimately … , including SVMs, decision trees, and ensemble …",0,N/A,2025,"Computer Modeling in …,","M Tosan, MR Gharib, NF Attar…"
"A review on models, products and techniques for evapotranspiration measurement, estimation, and validation",https://onlinelibrary.wiley.com/doi/abs/10.1002/tqem.22250,"… leverages ensemble learning by combining multiple decision trees. This integration of trees 
… Soil water content and actual evapotranspiration predictions using regression algorithms …",3,N/A,2024,"Environmental Quality Management,","M Bariş, M Tombul"
[HTML][HTML] Performance evaluation of five machine learning algorithms for estimating reference evapotranspiration in an arid climate,https://www.mdpi.com/2073-4441/15/21/3822,"… The bagging technique is a collection of untrained decision trees utilizing bootstrap samples. 
The underlying structure of the method used to build the RF model may be grasped quickly. …",14,N/A,2023,"Water,","A Raza, R Fahmeed, NR Syed, OM Katipoğlu, M Zubair…"
"Evapotranspiration Forecasting in the North Etna Aquifer: A Comparative Analysis of Statistical, Deep Learning, and Machine Learning Models",https://papers.ssrn.com/sol3/papers.cfm?abstract_id=5114548,"… multiple decision trees on randomly selected subsets of the … problem often encountered with 
individual decision trees, … TCN, RF, ES and SVR for accurate evapotranspiration predictions. …",0,N/A,and …,"Deep Learning,","Bennani, B Bonaccorso…"
Accuracy and interpretability of machine learning-based approaches for daily ETo estimation under semi-arid climate in the West African Sahel,https://link.springer.com/article/10.1007/s12145-024-01591-1,"This study evaluates the accuracy and interpretability of 12 selected machine learning (ML) 
models for estimating daily reference evapotranspiration (ETo) under semi-arid conditions in …",0,N/A,2025,"Earth Science …,","R Yonaba, A Kiema, F Tazen, A Belemtougri…"
A Machine Learning-Based Analysis of Actual Evaporation Drivers Across Different Land Covers in the Chilean Andean Plateau,https://search.proquest.com/openview/4e4a13b881975461b5f8b72d7df05032/1?pq-origsite=gscholar&cbl=2026366&diss=y,"… It operates by building multiple decision trees at training time and combines their results 
to make robust and accurate predictions (Figure 2). For classification tasks, the output is …",0,N/A,2024,,JIB Campos
A deep neural network architecture to model reference evapotranspiration using a single input meteorological parameter,https://link.springer.com/article/10.1007/S40710-021-00543-X,"Hydro-agrological research considers the reference evapotranspiration (ETo), driven by 
meteorological variables, crucial for achieving precise irrigation in precision agriculture. ETo …",47,N/A,2021,"Environmental processes,","SM Ravindran, SKM Bhaskaran, SKN Ambat"
Comparative analysis of advanced deep learning models for predicting evapotranspiration based on meteorological data in bangladesh,https://link.springer.com/article/10.1007/s11356-024-35182-w,"… By employing hybrid deep learning techniques for evapotranspiration predictions, this … 
2023; Al-Janabi and Mohammed 2024; Salman et al. 2024). Through the optimization of deep …",2,N/A,2024,"Environmental Science and …,","S Paul, SZ Farzana, S Das, P Das…"
"Comparative study of time series models, support vector machines, and GMDH in forecasting long-term evapotranspiration rates in northern Iran",https://ascelibrary.org/doi/abs/10.1061/(ASCE)IR.1943-4774.0001471,"… models based on machine learning methods, support vector machine (SVM), and group … 
order to find appropriate models for reference evapotranspiration forecasting in the Guilan Plain, …",0,N/A,2020,"Journal of Irrigation …,","A Ashrafzadeh, O Kişi, P Aghelpour…"
Enhanced daily reference evapotranspiration estimation using optimized hybrid support vector regression models,https://link.springer.com/article/10.1007/s11269-024-03860-6,"Accurate estimation of reference evapotranspiration (ET 0 ) is a crucial parameter in implementing 
precise irrigation strategies and managing regional water resources effectively. While …",0,N/A,2024,"Water Resources …,","SLS Yong, JL Ng, YF Huang, CK Ang…"
[PDF][PDF] Enhancing Evapotranspiration Estimation: A Bibliometric and Systematic Review of Hybrid Neural Networks in Water Resource Management.,https://www.researchgate.net/profile/Moein-Tosan-2/publication/388065213_Enhancing_Evapotranspiration_Estimation_A_Bibliometric_and_Systematic_Review_of_Hybrid_Neural_Networks_in_Water_Resource_Management/links/678a4c161ec9f9589f4823aa/Enhancing-Evapotranspiration-Estimation-A-Bibliometric-and-Systematic-Review-of-Hybrid-Neural-Networks-in-Water-Resource-Management.pdf,"… in 2024, the average annual number of articles during the 2020–… of hybrid models in enhancing 
evapotranspiration forecasting while setting a … Least square support vector machine Ag …",0,N/A,2025,"Computer Modeling in …,","M Tosan, MR Gharib, NF Attar…"
Estimation of reference evapotranspiration based on machine learning models and timeseries analysis: a case study in an arid climate,https://link.springer.com/article/10.1007/s13201-023-02016-y,"Water scarcity is a major challenge for irrigated agriculture, particularly in developing countries 
where access to meteorological data for calculating reference evapotranspiration (ET o ) …",0,N/A,2023,"Applied Water …,",Agyei…
"Evapotranspiration Forecasting in the North Etna Aquifer: A Comparative Analysis of Statistical, Deep Learning, and Machine Learning Models",https://papers.ssrn.com/sol3/papers.cfm?abstract_id=5114548,"… Accurate evapotranspiration forecasting is crucial for 32 … analysis of evapotranspiration 
forecasting using a set of … crucial precise evapotranspiration forecasting is to adaptive water 627 …",0,N/A,and …,"Deep Learning,","Bennani, B Bonaccorso…"
Vector autoregression model-based forecasting of reference evapotranspiration in malaysia,https://www.mdpi.com/2071-1050/15/4/3675,"… machine learning model in reference to evapotranspiration forecasting. Hence, it is difficult 
… For the estimation of ( E T 0 ) in Brazil, support vector machine and artificial neural networks …",0,N/A,2023,"Sustainability,",Shareeda
Wavelet-multivariate relevance vector machine hybrid model for forecasting daily evapotranspiration,https://link.springer.com/article/10.1007/s00477-015-1039-z,"Evapotranspiration (ET) is one of the main components of the hydrological cycle. It is a complex 
process driven mainly by weather parameters, and as such, is characterized by high non-…",0,N/A,2016,"… research and risk …,","R Bachour, I Maslova, AM Ticlavilca, WR Walker…"
Hybrid machine learning system based on multivariate data decomposition and feature selection for improved multitemporal evapotranspiration forecasting,https://www.sciencedirect.com/science/article/pii/S0952197624009023,"… SVM Support vector machine … that integrating MVMD with ML enhances prediction accuracy 
in evapotranspiration forecasting. This technique, unlike the traditional variational mode …",0,N/A,2024,"… Applications of Artificial …,","J Lee, SM Bateni, C Jun, E Heggy, M Jamei…"
Parameter optimisation-based hybrid reference evapotranspiration prediction models: A systematic review of current implementations and future research directions,https://www.mdpi.com/2073-4433/14/1/77,"… of application of various kinds of hybrid models in reference evapotranspiration forecasting. 
… of application of various kinds of hybrid models in reference evapotranspiration forecasting. …",0,N/A,2022,"Atmosphere,",Ansari
Using artificial intelligence algorithms to estimate and short-term forecast the daily reference evapotranspiration with limited meteorological variables,https://www.mdpi.com/2077-0472/14/4/510,"… [10] evaluated the efficacy of ANN and a support vector machine in daily ET 0 estimation in 
Brazil using temperature and RH or temperature alone, concluding that adding temperature …",0,N/A,2024,"Agriculture,","SL Fang, YS Lin, SC Chang, YL Chang, BY Tsai…"
[HTML][HTML] Prediction of Potential Evapotranspiration via Machine Learning and Deep Learning for Sustainable Water Management in the Murat River Basin,https://www.mdpi.com/2071-1050/16/24/11077,"… machine learning (ML) and deep learning (DL) methodologies to improve PET predictions. 
Machine learning … Additionally, we compare traditional approaches with machine learning …",0,N/A,2024,"Sustainability,","IA Hasan, MI Yuce"
Seasonal and annual trends in reference evapotranspiration and prediction using machine learning models across seven climatic zones of Bangladesh,https://www.tandfonline.com/doi/abs/10.1080/24749508.2024.2429223,"… apart from previous research by integrating machine learning models and achieving a more 
… the evolving dynamics of ET 0 (or potential evapotranspiration) in Bangladesh. By analyzing …",0,N/A,2024,"Geology, Ecology, and Landscapes,",MN Rahman
Improving actual evapotranspiration estimates through an integrated remote sensing and cutting-edge machine learning approach,https://www.sciencedirect.com/science/article/pii/S0168169924006495,"… Potential evapotranspiration is understood as the possible evapotranspiration that can 
occur in large areas, such as biomes. The more energy a region has, like the Caatinga, the …",6,N/A,2024,"… and Electronics in …,","RA dos Santos, EC Mantovani, VB Bufon…"
Deep learning for daily potential evapotranspiration using a HS-LSTM approach,https://www.sciencedirect.com/science/article/pii/S0169809523002533,"… recurrent neural network (RNN) machine learning (ML) algorithm, … -LSTM, and other machine 
learning models using iterated, … the data from January 1, 2015 because a large amount of …",10,N/A,2023,"Atmospheric …,","X Yan, N Yang, R Ao, A Mohammadian, J Liu…"
"Evapotranspiration Forecasting in the North Etna Aquifer: A Comparative Analysis of Statistical, Deep Learning, and Machine Learning Models",https://papers.ssrn.com/sol3/papers.cfm?abstract_id=5114548,"… and machine learning techniques, this study facilitates a comprehensive evaluation and … 
the suitability of each algorithm for potential evapotranspiration projections over the next …",0,N/A,Learning …,"… , and Machine","Bennani, B Bonaccorso…"
[HTML][HTML] Combining mathematical models and machine learning algorithms to predict the future regional-scale actual transpiration by maize,https://www.sciencedirect.com/science/article/pii/S0378377424003913,"… Furthermore, the variations in Ta values estimated by machine learning models constructed 
for ACCESS-CM2 and ACCESS-ESM1–5 from 2015 to 2019 are essentially consistent with …",1,N/A,2024,"Agricultural Water Management,","Y Liu, A Wang, B Li, J Šimůnek, R Liao"
[PDF][PDF] Prediction of Potential Evapotranspiration via Machine Learning and Deep Learning for the Murat River Basin,https://www.preprints.org/manuscript/202412.0066/download/final_file,"… machine learning (ML) and deep learning (DL) methodologies to improve PET predictions. 
Machine learning … Additionally, we compare traditional approaches with machine learning …",0,N/A,2024,,"IA Hasan, MI YUCE"
[HTML][HTML] Performance evaluation of five machine learning algorithms for estimating reference evapotranspiration in an arid climate,https://www.mdpi.com/2073-4441/15/21/3822,"… This study evaluated five machine learning (ML) algorithms to estimate ET o and compared 
their results with the standardized PMF. For this purpose, ML models were trained using …",14,N/A,2023,"Water,","A Raza, R Fahmeed, NR Syed, OM Katipoğlu, M Zubair…"
[HTML][HTML] Evaluation and modelling of reference evapotranspiration using different machine learning techniques for a brazilian tropical savanna,https://www.mdpi.com/2073-4395/13/8/2056,"… It is important to note that the choice of potential evapotranspiration (ETP) model affects 
the … By adopting the concept of machine learning (ML) [19], we can determine logical rules …",11,N/A,2023,"Agronomy,","TA Spontoni, TM Ventura, RS Palácios, LFA Curado…"
[HTML][HTML] Reliable evapotranspiration predictions with a probabilistic machine learning framework,https://www.mdpi.com/2073-4441/13/4/557,"… ’s Formula, Eddy covariance, Machine Learning), a follow-up research question would be: 
Can we have a unified machine learning model to (i) avoid … E T p Potential evapotranspiration …",24,N/A,2021,"Water,","H Başağaoğlu, D Chakraborty, J Winterle"
Estimating reservoir evaporation rate: fusing remotely sensed solar radiation and temperature features with machine learning algorithms,https://link.springer.com/article/10.1007/s00704-025-05407-0,"… The approach evaluates the effectiveness of five Machine Learning algorithms under 
three input scenarios at three meteorological stations in the Awash basin, Ethiopia: Gradient …",0,N/A,2025,"Theoretical and Applied …,","KD Eshetu, TK Seifu, T Alamirew…"
The potential use of global evapotranspiration products and models to estimate lake residence time at large scale,https://agupubs.onlinelibrary.wiley.com/doi/abs/10.1029/2022WR033148,"… Squares denote estimates that exclude lake evapotranspiration (ET), and circles denote 
estimates that include lake ET. Asterisks denote endorheic lakes. The inset plot displays the …",2,N/A,2023,"Water Resources Research,","K Ding, J Deng, B Qin"
[HTML][HTML] Optimal determination and dynamic control analysis of the graded and staged drought limit water level of typical plateau lakes,https://www.mdpi.com/2073-4441/15/14/2580,"… units to climate change, and the lake evapotranspiration calculated by different methods is … 
to calculate the ET0 results as the lake evapotranspiration; or check the extension results and …",2,N/A,2023,"Water,","Q Ge, S Gu, L Wang, G Chen, J Chen"
A review on the research progress of lake water volume estimation methods,https://www.sciencedirect.com/science/article/pii/S0301479722006302,"… recharge, whereas the outflow includes lake evapotranspiration, surface runoff outflow, and 
… with step-by-step iteration and machine learning is envisaged to be developed to realize the …",17,N/A,2022,"Journal of Environmental …,","C An, F Zhang, NW Chan, VC Johnson, J Shi"
Establishing opportunities and limitations of forecast use in the operational management of highly constrained multiobjective water systems,https://ascelibrary.org/doi/abs/10.1061/(ASCE)WR.1943-5452.0001585,"… is net basin supply (NBS) to Lake Ontario, which is composed of inflows into Lake Ontario 
from its local tributaries, over-lake precipitation, and losses from over-lake evapotranspiration. …",14,N/A,2022,"Journal of Water …,","K Semmendinger, D Lee, L Fry…"
Improved remote sensing reference evapotranspiration estimation using simple satellite data and machine learning,https://www.sciencedirect.com/science/article/pii/S004896972404628X,"… involved developing an improved remote sensing reference evapotranspiration (ET 0 ) model 
… Additionally, its simplicity in required data and machine learning algorithm, facilitates ease …",2,N/A,2024,"Science of The Total …,","D Liu, Z Wang, L Wang, J Chen, C Li, Y Shi"
Data-driven reference evapotranspiration (ET0) estimation: a comparative study of regression and machine learning techniques,https://link.springer.com/article/10.1007/s10668-023-03978-4,"… techniques and machine learning (ML) techniques in estimating daily reference 
evapotranspiration (… Four machine learning models, namely radial basis function (RBF), M5Tree, …",12,N/A,2024,"Environment …,","J Rajput, M Singh, K Lal, M Khanna, A Sarangi…"
Estimation of reference evapotranspiration based on machine learning models and timeseries analysis: a case study in an arid climate,https://link.springer.com/article/10.1007/s13201-023-02016-y,"… reference evapotranspiration (ET o ) is limited. Thus, this study explores the potential of two 
machine learning … The machine learning models were evaluated using four combinations of …",7,N/A,2023,"Applied Water …,",Agyei…
Seasonal and annual trends in reference evapotranspiration and prediction using machine learning models across seven climatic zones of Bangladesh,https://www.tandfonline.com/doi/abs/10.1080/24749508.2024.2429223,"… Predictive modelling of reference evapotranspiration using machine learning models coupled 
with Grey Wolf Optimizer. Water (Switzerland), 15(open in a new window)(5(open in a new …",0,N/A,2024,"Geology, Ecology, and Landscapes,",MN Rahman
[HTML][HTML] Performance evaluation of five machine learning algorithms for estimating reference evapotranspiration in an arid climate,https://www.mdpi.com/2073-4441/15/21/3822,"… ) as a widely accepted standard for reference evapotranspiration (ET o ) calculation. Despite 
… This study evaluated five machine learning (ML) algorithms to estimate ET o and compared …",14,N/A,2023,"Water,","A Raza, R Fahmeed, NR Syed, OM Katipoğlu, M Zubair…"
Machine learning methods for estimating reference evapotranspiration,https://journal.agrimetassociation.org/index.php/jam/article/view/2462,"… In this study, various machine learning techniques was used to determine reference 
evapotranspiration by leveraging historical weather data. The models tested include artificial neural …",2,N/A,2024,"Journal of …,","A Bijlwan, S Pokhriyal, R Ranjan…"
[HTML][HTML] Evaluation and modelling of reference evapotranspiration using different machine learning techniques for a brazilian tropical savanna,https://www.mdpi.com/2073-4395/13/8/2056,"… By adopting the concept of machine learning (ML) [19], we can determine logical rules 
capable of describing a complex system with minimal human intervention [20,21], including …",11,N/A,2023,"Agronomy,","TA Spontoni, TM Ventura, RS Palácios, LFA Curado…"
[HTML][HTML] Using Ensembles of Machine Learning Techniques to Predict Reference Evapotranspiration (ET0) Using Limited Meteorological Data,https://www.mdpi.com/2306-5338/10/8/169,"… and machine learning techniques used to estimate ET 0 . Further, we will also explain the 
development of non-linear ensemble models based on the best-performing machine learning …",7,N/A,2023,"Hydrology,","H Salahudin, M Shoaib, R Albano, MA Inam Baig…"
"Assessing forecast performance of daily reference evapotranspiration: A comparison of equations, machine and deep learning using weather forecasts",https://www.sciencedirect.com/science/article/pii/S0022169424014975,"… An accurate forecast of short-term reference evapotranspiration (ET 0 ) is crucial for effective 
… of five conventional equations calibrated and six machine learning (ML) and deep learning (…",1,N/A,2024,"Journal of Hydrology,","H Qian, W Wang, G Chen"
Comparative assessment of reference evapotranspiration estimation using conventional method and machine learning algorithms in four climatic regions,https://link.springer.com/article/10.1007/s00024-020-02473-5,"… Reference evapotranspiration (ET o ) is considered as an essential component in … Afterward, 
five data machine learning algorithms/data driven models, support vector machine (SVM), …",54,N/A,2020,"Pure and Applied …,","A Raza, M Shoaib, MA Faiz, F Baig, MM Khan…"
[HTML][HTML] Reconstruction of the pan evaporation based on meteorological factors with machine learning method over China,https://www.sciencedirect.com/science/article/pii/S0378377423002810,"… It is imperative to consider all these factors when modeling water evaporation. Modeling 
evaporation has always been a challenging. Atmospheric evaporative demand can be …",0,N/A,2023,"Agricultural Water …,","H Wang, F Sun, F Liu, T Wang, W Liu, Y Feng"
Modeling of pan evaporation based on the development of machine learning methods,https://link.springer.com/article/10.1007/s00704-021-03760-4,"… the applicability of several machine learning (ML) models (… pan evaporation estimation. 
This study proposes the development of newly explored ML models for modeling evaporation …",0,N/A,2021,"Theoretical and Applied Climatology,",Mukhtar
Estimating reservoir evaporation rate: fusing remotely sensed solar radiation and temperature features with machine learning algorithms,https://link.springer.com/article/10.1007/s00704-025-05407-0,"… prove crucial for determining lake evaporation and effectively regulating … evaporation on a 
daily and seasonal basis. The approach evaluates the effectiveness of five Machine Learning …",0,N/A,2025,"Theoretical and Applied …,","KD Eshetu, TK Seifu, T Alamirew…"
Comparative evaluation of deep learning and machine learning in modelling pan evaporation using limited inputs,https://www.tandfonline.com/doi/abs/10.1080/02626667.2022.2063724,"… Estimation of pan evaporation (Epan) is an important issue for planning and management of 
… compared with the single LSTM and advanced machine learning (ML) methods. Minimum …",0,N/A,2022,"Hydrological …,","O Kisi, A Mirboluki, SR Naganna, A Malik…"
"Development of machine learning models for estimation of daily evaporation and mean temperature: a case study in New Delhi, India",https://iwaponline.com/wpt/article/doi/10.2166/wpt.2024.144/102757,"… Hence, it becomes imperative to study the influence of long-term time series of evaporation 
… rising evaporation rates amidst increasing mean temperature by considering evaporation as …",0,N/A,2024,"Water Practice & …,","J Rajput, NL Kushwaha, A Srivastava…"
Novel hybrid machine learning algorithms for lakes evaporation and power production using floating semitransparent polymer solar cells,https://link.springer.com/article/10.1007/s11269-023-03565-2,"… to estimate evaporation from Nasser Lake using machine learning … The method predicts 
future monthly evaporation values using this data. … 3 Application of Machine Learning Models …",0,N/A,2023,"Water Resources Management,","Elaty, NL Kushwaha, A Patel"
"Interpretable machine learning for predicting evaporation from Awash reservoirs, Ethiopia",https://link.springer.com/article/10.1007/s12145-023-01063-y,"An in-depth understanding of a key element such as lake evaporation is particularly beneficial 
in developing the optimal management approach for reservoirs. In this study, we first aim …",0,N/A,2023,"Earth Science Informatics,","KD Eshetu, T Alamirew, TA Woldesenbet"
"Modeling high pan evaporation losses using support vector machine, gaussian processes, and regression tree models",https://ascelibrary.org/doi/abs/10.1061/JHYEFF.HEENG-6232,"… January 1st, 2014 (day 1) to July 14th, 2015 (day 560). Although the data record from the 
Al-… of various machine learning models for describing the dynamics of daily pan evaporation …",0,N/A,2024,"Journal of Hydrologic Engineering,",AA Alsumaiei
A Machine Learning-Based Analysis of Actual Evaporation Drivers Across Different Land Covers in the Chilean Andean Plateau,https://search.proquest.com/openview/4e4a13b881975461b5f8b72d7df05032/1?pq-origsite=gscholar&cbl=2026366&diss=y,"… Accurate estimation of evaporation (E) is crucial for water management in arid regions, such 
… While recent research has highlighted machine learning (ML) algorithms as promising tools …",0,N/A,2024,,JIB Campos
"Evaporation forecasting using different machine learning models in Beni Haroun Dam, Algeria",https://link.springer.com/article/10.1007/s00704-024-05327-5,"… evaporation predictions in sub humid regions. Notably, this study is the first to apply advanced 
machine learning … the machine learning techniques into evaporation forecasting. The …",0,N/A,2025,"Theoretical and Applied Climatology,","Z Amer, B Farah"
[HTML][HTML] Reconstruction of the pan evaporation based on meteorological factors with machine learning method over China,https://www.sciencedirect.com/science/article/pii/S0378377423002810,"… Three types methods for accurate prediction of daily pan evaporation were explored. … all 
these factors when modeling water evaporation. Modeling evaporation has always been a …",14,N/A,2023,"Agricultural Water …,","H Wang, F Sun, F Liu, T Wang, W Liu, Y Feng"
Estimating reservoir evaporation rate: fusing remotely sensed solar radiation and temperature features with machine learning algorithms,https://link.springer.com/article/10.1007/s00704-025-05407-0,"… To the best of the authors' knowledge, no prior study has specifically used this study dataset 
combination for PM prediction. Furthermore, this approach has never been applied in a …",0,N/A,2025,"Theoretical and Applied …,","KD Eshetu, TK Seifu, T Alamirew…"
Modeling of pan evaporation based on the development of machine learning methods,https://link.springer.com/article/10.1007/s00704-021-03760-4,"… the applicability of several machine learning (ML) models (… pan evaporation estimation. 
This study proposes the development of newly explored ML models for modeling evaporation …",25,N/A,2021,"Theoretical and Applied Climatology,",Mukhtar
Comparative evaluation of deep learning and machine learning in modelling pan evaporation using limited inputs,https://www.tandfonline.com/doi/abs/10.1080/02626667.2022.2063724,"Estimation of pan evaporation (Epan) is an important issue for planning and management of 
available water resources. In the present study, the accuracy of a new deep learning method…",22,N/A,2022,"Hydrological …,","O Kisi, A Mirboluki, SR Naganna, A Malik…"
Prediction of evaporation in arid and semi-arid regions: A comparative study using different machine learning models,https://www.tandfonline.com/doi/abs/10.1080/19942060.2019.1680576,"… as machine learning (ML) models can make valuable contributions. In this research, 
evaporation is … Four different ML models for the prediction of evaporation – the classification and …",107,N/A,2020,"… of computational fluid …,","Juboori, U Beyaztas…"
"Development of machine learning models for estimation of daily evaporation and mean temperature: a case study in New Delhi, India",https://iwaponline.com/wpt/article/doi/10.2166/wpt.2024.144/102757,"… Accurate prediction of pan evaporation and mean temperature is crucial for effective water 
… , during model testing phase for pan evaporation prediction. In predicting mean temperature, …",4,N/A,2024,"Water Practice & …,","J Rajput, NL Kushwaha, A Srivastava…"
"Evaporation forecasting using different machine learning models in Beni Haroun Dam, Algeria",https://link.springer.com/article/10.1007/s00704-024-05327-5,"… the most suitable and reliable machine learning (ML) models… model selection impacts 
evaporation prediction accuracy and … effective ML model for evaporation prediction by evaluating a …",0,N/A,2025,"Theoretical and Applied Climatology,","Z Amer, B Farah"
[HTML][HTML] Optimizing actual evapotranspiration simulation to identify evapotranspiration partitioning variations: A fusion of physical processes and machine learning …,https://www.sciencedirect.com/science/article/pii/S0378377424000908,"… necessity to refine soil evaporation simulations in arid and … evaporation module of the 
Priestley-Taylor Jet Propulsion Laboratory (PT-JPL) model to enable a more accurate prediction of …",5,N/A,2024,"Agricultural Water …,","X Jiang, Y Wang, A Yinglan, G Wang, X Zhang…"
"Interpretable machine learning for predicting evaporation from Awash reservoirs, Ethiopia",https://link.springer.com/article/10.1007/s12145-023-01063-y,"… In addition, to bridge knowledge gaps and provide the groundwork for future deep 
learning-based research in the study area, lake evaporation prediction by using interpretable …",7,N/A,2023,"Earth Science Informatics,","KD Eshetu, T Alamirew, TA Woldesenbet"
Modelling monthly pan evaporation utilising Random Forest and deep learning algorithms,https://www.nature.com/articles/s41598-022-17263-3,"… researched monthly water loss due to evaporation; they used three machine learning … 
comprises the following layers for optimal performance concerning evaporation prediction: …",38,N/A,2022,"Scientific Reports,","M Abed, MA Imteaz, AN Ahmed, YF Huang"
Modeling of pan evaporation based on the development of machine learning methods,https://link.springer.com/article/10.1007/s00704-021-03760-4,"… of several machine learning (ML) … ) in modeling the monthly pan evaporation estimation. 
This study proposes the development of newly explored ML models for modeling evaporation …",25,N/A,2021,"Theoretical and Applied Climatology,",Mukhtar
Comparative evaluation of deep learning and machine learning in modelling pan evaporation using limited inputs,https://www.tandfonline.com/doi/abs/10.1080/02626667.2022.2063724,"… Estimation of pan evaporation (Epan) is an important issue for planning and management of 
… compared with the single LSTM and advanced machine learning (ML) methods. Minimum …",22,N/A,2022,"Hydrological …,","O Kisi, A Mirboluki, SR Naganna, A Malik…"
[HTML][HTML] Reconstruction of the pan evaporation based on meteorological factors with machine learning method over China,https://www.sciencedirect.com/science/article/pii/S0378377423002810,"… Modeling evaporation is a complex process due to the many factors that can influence its … 
all these factors when modeling water evaporation. Modeling evaporation has always been a …",14,N/A,2023,"Agricultural Water …,","H Wang, F Sun, F Liu, T Wang, W Liu, Y Feng"
Estimating reservoir evaporation rate: fusing remotely sensed solar radiation and temperature features with machine learning algorithms,https://link.springer.com/article/10.1007/s00704-025-05407-0,"… prove crucial for determining lake evaporation and effectively regulating … evaporation on a 
daily and seasonal basis. The approach evaluates the effectiveness of five Machine Learning …",0,N/A,2025,"Theoretical and Applied …,","KD Eshetu, TK Seifu, T Alamirew…"
[HTML][HTML] Optimizing actual evapotranspiration simulation to identify evapotranspiration partitioning variations: A fusion of physical processes and machine learning …,https://www.sciencedirect.com/science/article/pii/S0378377424000908,"… soil evaporation simulations in arid and semiarid regions. Subsequently, we introduced the 
random forest algorithm to optimize the soil evaporation … utilized for modeling the relationship …",5,N/A,2024,"Agricultural Water …,","X Jiang, Y Wang, A Yinglan, G Wang, X Zhang…"
"Development of machine learning models for estimation of daily evaporation and mean temperature: a case study in New Delhi, India",https://iwaponline.com/wpt/article/doi/10.2166/wpt.2024.144/102757,"… The objectives of the present study are (1) to fit the aforementioned four ML algorithms for 
the modeling of evaporation and temperature based on advanced models (as described) …",4,N/A,2024,"Water Practice & …,","J Rajput, NL Kushwaha, A Srivastava…"
"Modeling high pan evaporation losses using support vector machine, gaussian processes, and regression tree models",https://ascelibrary.org/doi/abs/10.1061/JHYEFF.HEENG-6232,"… January 1st, 2014 (day 1) to July 14th, 2015 (day 560). Although the data record from the 
Al-… This study investigated the efficacy of three machine learning techniques in modeling high …",2,N/A,2024,"Journal of Hydrologic Engineering,",AA Alsumaiei
Prediction of evaporation in arid and semi-arid regions: A comparative study using different machine learning models,https://www.tandfonline.com/doi/abs/10.1080/19942060.2019.1680576,"… In this context, the aim of this study is to investigate the feasibility of the four different ML 
models listed above for modeling the evaporation at two Iraqi meteorological stations located in …",107,N/A,2020,"… of computational fluid …,","Juboori, U Beyaztas…"
Modelling monthly pan evaporation utilising Random Forest and deep learning algorithms,https://www.nature.com/articles/s41598-022-17263-3,"… researched monthly water loss due to evaporation; they used three machine learning 
techniques: Relevance Vector Machine (RVM), Extreme Learning Machine (ELM), and Multivariate …",38,N/A,2022,"Scientific Reports,","M Abed, MA Imteaz, AN Ahmed, YF Huang"
Novel hybrid machine learning algorithms for lakes evaporation and power production using floating semitransparent polymer solar cells,https://link.springer.com/article/10.1007/s11269-023-03565-2,"… the future evaporation losses by applying novel hybrid Machine Learning Algorithms (MLA). … 
) were developed and evaluated for predicting future evaporation losses in the years 2030, …",4,N/A,2023,"Water Resources Management,","Elaty, NL Kushwaha, A Patel"
Estimating reservoir evaporation rate: fusing remotely sensed solar radiation and temperature features with machine learning algorithms,https://link.springer.com/article/10.1007/s00704-025-05407-0,"… prove crucial for determining lake evaporation and effectively regulating … evaporation on a 
daily and seasonal basis. The approach evaluates the effectiveness of five Machine Learning …",0,N/A,2025,"Theoretical and Applied …,","KD Eshetu, TK Seifu, T Alamirew…"
Comparative evaluation of deep learning and machine learning in modelling pan evaporation using limited inputs,https://www.tandfonline.com/doi/abs/10.1080/02626667.2022.2063724,"Estimation of pan evaporation (Epan) is an important issue for planning and management of 
available water resources. In the present study, the accuracy of a new deep learning method…",22,N/A,2022,"Hydrological …,","O Kisi, A Mirboluki, SR Naganna, A Malik…"
[HTML][HTML] Reconstruction of the pan evaporation based on meteorological factors with machine learning method over China,https://www.sciencedirect.com/science/article/pii/S0378377423002810,"… It is imperative to consider all these factors when modeling water evaporation. Modeling 
evaporation has always been a challenging. Atmospheric evaporative demand can be …",14,N/A,2023,"Agricultural Water …,","H Wang, F Sun, F Liu, T Wang, W Liu, Y Feng"
Modeling of pan evaporation based on the development of machine learning methods,https://link.springer.com/article/10.1007/s00704-021-03760-4,"… the applicability of several machine learning (ML) models (… pan evaporation estimation. 
This study proposes the development of newly explored ML models for modeling evaporation …",25,N/A,2021,"Theoretical and Applied Climatology,",Mukhtar
"Evaporation forecasting using different machine learning models in Beni Haroun Dam, Algeria",https://link.springer.com/article/10.1007/s00704-024-05327-5,"… Notably, this study is the first to apply advanced machine learning models to the Beni … 
by integrating the machine learning techniques into evaporation forecasting. The findings are …",0,N/A,2025,"Theoretical and Applied Climatology,","Z Amer, B Farah"
"Development of machine learning models for estimation of daily evaporation and mean temperature: a case study in New Delhi, India",https://iwaponline.com/wpt/article/doi/10.2166/wpt.2024.144/102757,"Uncorrected Proof Page 1 Development of machine learning models for estimation of daily 
evaporation and mean temperature: a case study in New Delhi, India Jitendra Rajput a, Nand …",4,N/A,2024,"Water Practice & …,","J Rajput, NL Kushwaha, A Srivastava…"
Estimation of reference evapotranspiration based on machine learning models and timeseries analysis: a case study in an arid climate,https://link.springer.com/article/10.1007/s13201-023-02016-y,"… maximum number of input variables which increases the accuracy of evaporation prediction. 
… This study focused on modeling and forecasting the daily reference evapotranspiration (ET …",7,N/A,2023,"Applied Water …,",Agyei…
Novel hybrid machine learning algorithms for lakes evaporation and power production using floating semitransparent polymer solar cells,https://link.springer.com/article/10.1007/s11269-023-03565-2,"… The study presented that the RVM method is more accurate than the other methods for 
forecasting of monthly evaporation. Pammar and Deka (2017) showed that the two methods of …",4,N/A,2023,"Water Resources Management,","Elaty, NL Kushwaha, A Patel"
Modelling monthly pan evaporation utilising Random Forest and deep learning algorithms,https://www.nature.com/articles/s41598-022-17263-3,"… Concerning evaporation forecasting and considering the challenges of practical and … for 
forecasting pan evaporation 26,27 . They offered specific distinct machine learning approaches …",38,N/A,2022,"Scientific Reports,","M Abed, MA Imteaz, AN Ahmed, YF Huang"
"Interpretable machine learning for predicting evaporation from Awash reservoirs, Ethiopia",https://link.springer.com/article/10.1007/s12145-023-01063-y,"… of the AI models in forecasting evaporation data could be improved … , machine learning 
techniques are appropriate. Tree-based … data (Taravat et al. 2015).This technique aids numerous …",7,N/A,2023,"Earth Science Informatics,","KD Eshetu, T Alamirew, TA Woldesenbet"
Monthly evaporation forecasting using artificial neural networks and support vector machines,https://link.springer.com/article/10.1007/S00704-015-1392-3,"… Estimation of evaporation is important for the design of reservoirs, especially in arid and … 
evaporation and other hydrological variables. In this study, usability of artificial neural networks (…",0,N/A,2016,"Theoretical and applied climatology,","G Tezel, M Buyukyildiz"
Application of long short-term memory neural network technique for predicting monthly pan evaporation,https://www.nature.com/articles/s41598-021-99999-y,"… model, ANN is superior when it comes to projecting evaporation. Kişi 30 deployed evolutionary 
neural networks for projecting monthly pan evaporation. The outcomes showed that the …",0,N/A,2021,"Scientific reports,","M Abed, MA Imteaz, AN Ahmed, YF Huang"
A comprehensive review of artificial intelligence-based methods for predicting pan evaporation rate,https://link.springer.com/article/10.1007/s10462-023-10592-3,"… As such, the study strongly recommends the use of transformer neural networks for Ep 
estimation, given their unique architecture and promising performance across various fields. …",0,N/A,2023,"Artificial Intelligence Review,","M Abed, MA Imteaz, AN Ahmed"
Estimated evaporation of lakes by climate reanalysis data and artificial neural networks,https://www.sciencedirect.com/science/article/pii/S0895981124000336,"… of the local values of lake evaporation has applications in reservoir … evaporation at locations 
without meteorological monitoring using ERA5 reanalysis data and artificial neural networks …",0,N/A,2024,"Journal of South …,","EM Uliana, URV Aires, MF de Sousa Junior…"
Predicted evaporation in Basrah using artificial neural networks,https://www.degruyter.com/document/doi/10.1515/eng-2022-0590/html,"… of artificial neural networks was developed to estimate the daily potential evaporation in the 
… For the period extended from 2015 to 2020, these data were used as inputs to the model. …",0,N/A,2024,"Open Engineering,",ZAH Hamza
Coupling uncertain patterns of climatic variables in estimating evaporation from open water bodies,https://link.springer.com/article/10.1007/s00477-023-02549-3,"… evaporation is formed can link the researcher to a better alternative model. Artificial neural 
networks … been successfully employed by researchers for evaporation modeling (eg, Adamala …",0,N/A,2024,"Stochastic Environmental Research …,","Fard, Y Zhang"
Modeling monthly pan evaporation using wavelet support vector regression and wavelet artificial neural networks in arid and humid climates,https://www.tandfonline.com/doi/abs/10.1080/19942060.2018.1564702,"… Evaporation rate is one of the key parameters … neural networks (ANN) and combination of 
them with wavelet transforms (WSVR and WANN) were investigated for predicting evaporation …",0,N/A,2019,"Engineering …,","SN Qasem, S Samadianfard, S Kheshtgar…"
Predicting evaporation with optimized artificial neural network using multi-objective salp swarm algorithm,https://link.springer.com/article/10.1007/s11356-021-16301-3,"… Evaporation is a crucial component to be established in agriculture management and water 
engineering. Evaporation … ) was used for predicting daily evaporation. MLP model is as one …",0,N/A,2022,"… Science and Pollution …,","M Ehteram, F Panahi, AN Ahmed, YF Huang…"
Inclusive multiple model using hybrid artificial neural networks for predicting evaporation,https://www.frontiersin.org/articles/10.3389/fenvs.2021.789995/full,"… (2015) investigated the accuracy of the … -neural networks for predicting evaporation. They 
found that the genetic programming, ANN, and self-organizing feature maps-neural networks …",0,N/A,2022,"Frontiers in …,","M Ehteram, F Panahi, AN Ahmed, AH Mosavi…"
Comparative evaluation of deep learning and machine learning in modelling pan evaporation using limited inputs,https://www.tandfonline.com/doi/abs/10.1080/02626667.2022.2063724,"… Estimation of temporal and spatial evaporation is essential in water resource planning and 
… -scarce regions, accurate evaporation estimation is essential. Evaporation can be estimated …",0,N/A,2022,"Hydrological …,","O Kisi, A Mirboluki, SR Naganna, A Malik…"
Monthly evaporation forecasting using artificial neural networks and support vector machines,https://link.springer.com/article/10.1007/S00704-015-1392-3,"… Estimation of evaporation is important for the design of reservoirs, especially in arid and … 
evaporation and other hydrological variables. In this study, usability of artificial neural networks (…",110,N/A,2016,"Theoretical and applied climatology,","G Tezel, M Buyukyildiz"
Application of long short-term memory neural network technique for predicting monthly pan evaporation,https://www.nature.com/articles/s41598-021-99999-y,"… evaporation. Kişi 30 deployed evolutionary neural networks for projecting monthly pan 
evaporation. The … The relevance of the models for evaporation prediction was investigated in Kota …",47,N/A,2021,"Scientific reports,","M Abed, MA Imteaz, AN Ahmed, YF Huang"
A comprehensive review of artificial intelligence-based methods for predicting pan evaporation rate,https://link.springer.com/article/10.1007/s10462-023-10592-3,"… neural networks for Ep … pan evaporation"" and ""prediction"" synonyms in the keywords or 
summary section were assessed. Selection was made only if the study assessed pan evaporation…",7,N/A,2023,"Artificial Intelligence Review,","M Abed, MA Imteaz, AN Ahmed"
[PDF][PDF] Enhancing Evapotranspiration Estimation: A Bibliometric and Systematic Review of Hybrid Neural Networks in Water Resource Management.,https://www.researchgate.net/profile/Moein-Tosan-2/publication/388065213_Enhancing_Evapotranspiration_Estimation_A_Bibliometric_and_Systematic_Review_of_Hybrid_Neural_Networks_in_Water_Resource_Management/links/678a4c161ec9f9589f4823aa/Enhancing-Evapotranspiration-Estimation-A-Bibliometric-and-Systematic-Review-of-Hybrid-Neural-Networks-in-Water-Resource-Management.pdf,"… in 2024, the average annual number of articles during the 2020–… As a benchmark in ET0 
prediction, this study not only … Only: The study focused solely on predicting evaporation …",0,N/A,2025,"Computer Modeling in …,","M Tosan, MR Gharib, NF Attar…"
Predicted evaporation in Basrah using artificial neural networks,https://www.degruyter.com/document/doi/10.1515/eng-2022-0590/html,"… This study aims to determine the significance of prediction evaporation as the main metric 
for evaluating the effects of climate change on water resources. Table 1 shows some of these …",0,N/A,2024,"Open Engineering,",ZAH Hamza
Predicting evaporation with optimized artificial neural network using multi-objective salp swarm algorithm,https://link.springer.com/article/10.1007/s11356-021-16301-3,"… Evaporation is a crucial component to be established in agriculture management and water 
engineering. Evaporation prediction … was used for predicting daily evaporation. MLP model is …",22,N/A,2022,"… Science and Pollution …,","M Ehteram, F Panahi, AN Ahmed, YF Huang…"
Inclusive multiple model using hybrid artificial neural networks for predicting evaporation,https://www.frontiersin.org/articles/10.3389/fenvs.2021.789995/full,"… Since Iran faces a drought period, evaporation prediction is an important duty for decision-makers. 
However, the modelers can test the models of the current study in the different regions …",36,N/A,2022,"Frontiers in …,","M Ehteram, F Panahi, AN Ahmed, AH Mosavi…"
Modeling monthly pan evaporation using wavelet support vector regression and wavelet artificial neural networks in arid and humid climates,https://www.tandfonline.com/doi/abs/10.1080/19942060.2018.1564702,"… In this investigation, wavelet analysis was combined with ANN and SVR for monthly pan 
evaporation prediction as presented in Figure 5 . Above mentioned wave types were evaluated …",155,N/A,2019,"Engineering …,","SN Qasem, S Samadianfard, S Kheshtgar…"
Prediction of wind drift and evaporation losses from sprinkler irrigation using neural network and multiple regression techniques,https://www.sciencedirect.com/science/article/pii/S0378377417303177,"… An experimental estimation of WDEL is costly as well as time-consuming, but alternatively, 
WDEL can be estimated using soft computing techniques such as artificial neural networks (…",53,N/A,2018,"Agricultural Water …,","Marazky, AZ Dewidar…"
Developing the artificial neural network–evolutionary algorithms hybrid models (ANN–EA) to predict the daily evaporation from dam reservoirs,https://link.springer.com/article/10.1007/s00366-021-01523-3,"… of cascade correlation neural networks (CCNN) and MLP in estimating daily evaporation for 
inland … [3] used GA algorithm to improve SVR in monthly reservoir evaporation prediction. …",26,N/A,2023,"Engineering with Computers,","N Arya Azar, N Kardan, S Ghordoyee Milan"
Comparative evaluation of deep learning and machine learning in modelling pan evaporation using limited inputs,https://www.tandfonline.com/doi/abs/10.1080/02626667.2022.2063724,"… Estimation of pan evaporation (Epan) is an important issue for planning and management 
of available water resources. In the present study, the accuracy of a new deep learning method…",22,N/A,2022,"Hydrological …,","O Kisi, A Mirboluki, SR Naganna, A Malik…"
Modelling monthly pan evaporation utilising Random Forest and deep learning algorithms,https://www.nature.com/articles/s41598-022-17263-3,"… Evaporation is an intricate … two deep learning techniques, namely convolutional neural 
network (CNN), and deep neural network (DNN) to accurately estimate monthly pan evaporation …",38,N/A,2022,"Scientific Reports,","M Abed, MA Imteaz, AN Ahmed, YF Huang"
Improving high uncertainty of evapotranspiration products under extreme climatic conditions based on deep learning and ERA5 reanalysis data,https://www.sciencedirect.com/science/article/pii/S002216942401151X,"… While GLEAM incorporates vegetation type and soil moisture to convert potential evaporation 
to actual evaporation via an evaporation stress factor, this factor may be inaccurate under …",5,N/A,2024,"Journal of …,","L Qian, X Yu, L Wu, Z Zhang, S Fan, R Du, X Liu…"
Global evapotranspiration simulation research using a coupled deep learning algorithm with physical mechanisms,https://onlinelibrary.wiley.com/doi/abs/10.1002/ird.2942,"… In this context, potential evapotranspiration (PET) denotes the atmospheric demand for 
evaporation from land surfaces characterized by abundant moisture and abundant vegetation. …",1,N/A,2024,"Irrigation and Drainage,","Y Sun, Y Dong, Y Chen"
[HTML][HTML] Prediction of Potential Evapotranspiration via Machine Learning and Deep Learning for Sustainable Water Management in the Murat River Basin,https://www.mdpi.com/2071-1050/16/24/11077,"… Evapotranspiration (ET) describes the process through which moisture is returned from 
Earth’s surface to the atmosphere by combining evaporation from the land and transpiration from …",0,N/A,2024,"Sustainability,","IA Hasan, MI Yuce"
Hybrid deep learning techniques for estimation of daily crop evapotranspiration using limited climate data,https://www.sciencedirect.com/science/article/pii/S0168169922006470,"… Crop evapotranspiration ( E T c ) is the total water loss from the given crop due to the 
evaporation and transpiration processes. It is considered an essential process in determining the …",18,N/A,2022,"Computers and Electronics in Agriculture,","G Sharma, A Singh, S Jain"
Modeling long-term dynamics of crop evapotranspiration using deep learning in a semi-arid environment,https://www.sciencedirect.com/science/article/pii/S0378377420306661,"… The most necessary issue to know about the deep learning approach is that the new … present 
and future in the semi-arid regions using deep learning. Hence, the aim of this research is (i…",106,N/A,2020,"Agricultural Water …,","A Elbeltagi, J Deng, K Wang, A Malik…"
Estimating reservoir evaporation rate: fusing remotely sensed solar radiation and temperature features with machine learning algorithms,https://link.springer.com/article/10.1007/s00704-025-05407-0,"… prove crucial for determining lake evaporation and effectively regulating reservoirs in areas 
… / satellite measurements perform to anticipate lake evaporation on a daily and seasonal basis…",0,N/A,2025,"Theoretical and Applied …,","KD Eshetu, TK Seifu, T Alamirew…"
A comprehensive review of artificial intelligence-based methods for predicting pan evaporation rate,https://link.springer.com/article/10.1007/s10462-023-10592-3,"… combining rule-based systems with deep learning models. These hybrid models address 
the … As stated in this study, numerous researchers have used hybridised deep learning (Hybrid-…",7,N/A,2023,"Artificial Intelligence Review,","M Abed, MA Imteaz, AN Ahmed"
Deep learning for daily potential evapotranspiration using a HS-LSTM approach,https://www.sciencedirect.com/science/article/pii/S0169809523002533,"… The present study proposed a novel deep learning (DL) approach for daily ET 0 estimations 
with limited daily climate data: HS- LSTM. This approach was constructed based on a …",10,N/A,2023,"Atmospheric …,","X Yan, N Yang, R Ao, A Mohammadian, J Liu…"
Comparative evaluation of deep learning and machine learning in modelling pan evaporation using limited inputs,https://www.tandfonline.com/doi/abs/10.1080/02626667.2022.2063724,"… In the present study, the accuracy of a new deep learning method… deep learning scheme 
enhances model robustness via fine-tuning of data and significantly supplements the prediction …",22,N/A,2022,"Hydrological …,","O Kisi, A Mirboluki, SR Naganna, A Malik…"
[HTML][HTML] Prediction of Potential Evapotranspiration via Machine Learning and Deep Learning for Sustainable Water Management in the Murat River Basin,https://www.mdpi.com/2071-1050/16/24/11077,"… Evapotranspiration (ET) describes the process through which moisture is returned from 
Earth’s surface to the atmosphere by combining evaporation from the land and transpiration from …",0,N/A,2024,"Sustainability,","IA Hasan, MI Yuce"
Modelling monthly pan evaporation utilising Random Forest and deep learning algorithms,https://www.nature.com/articles/s41598-022-17263-3,"… and two deep learning techniques, namely convolutional neural network (CNN), and deep 
neural network (DNN) to accurately estimate monthly pan evaporation … evaporation prediction: …",38,N/A,2022,"Scientific Reports,","M Abed, MA Imteaz, AN Ahmed, YF Huang"
Improved prediction of daily pan evaporation using Deep-LSTM model,https://link.springer.com/article/10.1007/s00521-019-04127-7,"… measurement of evaporation is not done. In future other deep learning-based neural 
network structures may be applied to predict the nonlinear processes such as evaporation and …",112,N/A,2020,"Neural Computing and …,","B Majhi, D Naidu, AP Mishra, SC Satapathy"
Hybrid deep learning techniques for estimation of daily crop evapotranspiration using limited climate data,https://www.sciencedirect.com/science/article/pii/S0168169922006470,"… by the desire to create deep learning (DL) based models … ( R s )) is used for the prediction 
of E T c values to handle data-… given crop due to the evaporation and transpiration processes. …",18,N/A,2022,"Computers and Electronics in Agriculture,","G Sharma, A Singh, S Jain"
Improving high uncertainty of evapotranspiration products under extreme climatic conditions based on deep learning and ERA5 reanalysis data,https://www.sciencedirect.com/science/article/pii/S002216942401151X,"… While GLEAM incorporates vegetation type and soil moisture to convert potential evaporation 
to actual evaporation via an evaporation stress factor, this factor may be inaccurate under …",5,N/A,2024,"Journal of …,","L Qian, X Yu, L Wu, Z Zhang, S Fan, R Du, X Liu…"
A comprehensive review of artificial intelligence-based methods for predicting pan evaporation rate,https://link.springer.com/article/10.1007/s10462-023-10592-3,"… rule-based systems with deep learning models. These hybrid models address … deep learning 
(Hybrid-DL) and hybridised machine learning (Hybrid-ML) models to assess the prediction …",7,N/A,2023,"Artificial Intelligence Review,","M Abed, MA Imteaz, AN Ahmed"
Estimating reservoir evaporation rate: fusing remotely sensed solar radiation and temperature features with machine learning algorithms,https://link.springer.com/article/10.1007/s00704-025-05407-0,"… dataset combination for PM prediction. Furthermore, this … model that performs better in 
prediction. Like other boosting … ) is an essential component of deep learning. Support Vector …",0,N/A,2025,"Theoretical and Applied …,","KD Eshetu, TK Seifu, T Alamirew…"
… water security through advanced modeling: integrating deep learning and a novel metaheuristic optimization algorithm for accurate pan evaporation prediction,https://iwaponline.com/aqua/article/74/1/18/105852,"… This research explores a novel hybrid deep learning approach to predicting pan evaporation 
across Algeria's various climatic zones. The approach integrates long short-term memory (…",1,N/A,2025,"AQUA—Water …,","B Zerouali, N Bailek, K Bouchouich…"
Deep learning approaches for short-crop reference evapotranspiration estimation: a case study in Southeastern Australia,https://link.springer.com/article/10.1007/s12145-024-01616-9,"… from the soil surface through evaporation [8]. … evaporation are both influenced by wind 
speed, air temperature, humidity, and radiation. According to Kool, transpiration and evaporation …",0,N/A,2025,"Earth Science …,","U Baishnab, MS Hossen Sajib, A Islam, S Akter…"
Comparative evaluation of deep learning and machine learning in modelling pan evaporation using limited inputs,https://www.tandfonline.com/doi/abs/10.1080/02626667.2022.2063724,"… evaporation (Epan) is an important issue for planning and management of available water 
resources. In the present study, the accuracy of a new deep learning … machine learning (ML) …",0,N/A,2022,"Hydrological …,","O Kisi, A Mirboluki, SR Naganna, A Malik…"
Modelling monthly pan evaporation utilising Random Forest and deep learning algorithms,https://www.nature.com/articles/s41598-022-17263-3,"… researched monthly water loss due to evaporation; they used three machine learning 
techniques: Relevance Vector Machine (RVM), Extreme Learning Machine (ELM), and Multivariate …",0,N/A,2022,"Scientific Reports,","M Abed, MA Imteaz, AN Ahmed, YF Huang"
[HTML][HTML] Prediction of Potential Evapotranspiration via Machine Learning and Deep Learning for Sustainable Water Management in the Murat River Basin,https://www.mdpi.com/2071-1050/16/24/11077,"… Evapotranspiration (ET) describes the process through which moisture is returned from 
Earth’s surface to the atmosphere by combining evaporation from the land and transpiration from …",0,N/A,2024,"Sustainability,","IA Hasan, MI Yuce"
[HTML][HTML] Reconstruction of the pan evaporation based on meteorological factors with machine learning method over China,https://www.sciencedirect.com/science/article/pii/S0378377423002810,"… It is imperative to consider all these factors when modeling water evaporation. Modeling 
evaporation has always been a challenging. Atmospheric evaporative demand can be …",0,N/A,2023,"Agricultural Water …,","H Wang, F Sun, F Liu, T Wang, W Liu, Y Feng"
Estimating reservoir evaporation rate: fusing remotely sensed solar radiation and temperature features with machine learning algorithms,https://link.springer.com/article/10.1007/s00704-025-05407-0,"… prove crucial for determining lake evaporation and effectively regulating … evaporation on a 
daily and seasonal basis. The approach evaluates the effectiveness of five Machine Learning …",0,N/A,2025,"Theoretical and Applied …,","KD Eshetu, TK Seifu, T Alamirew…"
Enhancing water security through advanced modeling: integrating deep learning and a novel metaheuristic optimization algorithm for accurate pan evaporation …,https://iwaponline.com/aqua/article/74/1/18/105852,"… machine learning models for predicting pan evaporation under diverse climatic conditions. 
Five fundamental machine learning … capabilities for pan evaporation across varied climatic …",0,N/A,2025,"AQUA—Water …,","B Zerouali, N Bailek, K Bouchouich…"
Modeling long-term dynamics of crop evapotranspiration using deep learning in a semi-arid environment,https://www.sciencedirect.com/science/article/pii/S0378377420306661,"… The results showed that Kafr ash Shaykh governorate produced the highest values of ET 
c during the future period, which is averaged from 302.03 in 2024 to 329.68 in 2032. The …",0,N/A,2020,"Agricultural Water …,","A Elbeltagi, J Deng, K Wang, A Malik…"
Improving high uncertainty of evapotranspiration products under extreme climatic conditions based on deep learning and ERA5 reanalysis data,https://www.sciencedirect.com/science/article/pii/S002216942401151X,"… Deep learning (DL) represents a facet of machine learning (ML) characterized by a … moisture 
to convert potential evaporation to actual evaporation via an evaporation stress factor, this …",0,N/A,2024,"Journal of …,","L Qian, X Yu, L Wu, Z Zhang, S Fan, R Du, X Liu…"
A comprehensive review of artificial intelligence-based methods for predicting pan evaporation rate,https://link.springer.com/article/10.1007/s10462-023-10592-3,"… or more different machine learning techniques to leverage … rule-based systems with deep 
learning models. These hybrid … deep learning (Hybrid-DL) and hybridised machine learning (…",0,N/A,2023,"Artificial Intelligence Review,","M Abed, MA Imteaz, AN Ahmed"
Novel hybrid machine learning algorithms for lakes evaporation and power production using floating semitransparent polymer solar cells,https://link.springer.com/article/10.1007/s11269-023-03565-2,"… to estimate evaporation from Nasser Lake using machine learning … The method predicts 
future monthly evaporation values using this data. … 3 Application of Machine Learning Models …",0,N/A,2023,"Water Resources Management,","Elaty, NL Kushwaha, A Patel"
